name,kind,description,manifest
configuration,domain,"Конфигурации 1С: создание, анализ, изменение и проверка",skill-domains.json
extension,domain,"Расширения конфигурации 1С CFE",skill-domains.json
metadata,domain,"Объекты метаданных 1С и встроенная справка",skill-domains.json
forms,domain,"Управляемые формы 1С",skill-domains.json
layouts,domain,"Макеты объектов и табличные документы MXL",skill-domains.json
reports,domain,"СКД, отчёты и запросы 1С",skill-domains.json
access-and-navigation,domain,"Роли, RLS, подсистемы и командный интерфейс",skill-domains.json
external-artifacts,domain,"Внешние обработки EPF и отчёты ERF",skill-domains.json
database,domain,"Жизненный цикл информационных баз 1С и ibcmd",skill-domains.json
web-publication,domain,"Apache и веб-публикации информационных баз 1С",skill-domains.json
ui-testing,domain,"Playwright-сессии и браузерные UI-тесты 1С",skill-domains.json
codex-test-bridge,product,"HTTP bridge и нативный UI TestClient/TestManager",skill-domains.json
test-databases,protected,"Единственный источник подключений к тестовым базам 1С",skill-domains.json
